{
    "tags": [
        {
            "id": 46,
            "pose": {
                "position": {
                    "x": -0.3013557619822687,
                    "y": 1.1962573184990208,
                    "z": 0.1934117330476065
                },
                "orientation": {
                    "x": -0.6950654345415618,
                    "y": 0.00916330728135002,
                    "z": -0.006309506150560142,
                    "w": 0.718860393704754
                }
            }
        }
    ]
}