{
    "tags": [
        {
            "id": 0,
            "pose": {
                "position": {
                    "x": 0.8762994589129418,
                    "y": 0.08915124283671386,
                    "z": 0.05908163267214439
                },
                "orientation": {
                    "x": -0.49267625791526004,
                    "y": 0.491635587907854,
                    "z": -0.5051589670565276,
                    "w": 0.5102734282632178
                }
            }
        },
        {
            "id": 1,
            "pose": {
                "position": {
                    "x": 0.8737183800769946,
                    "y": 0.08615194019594441,
                    "z": 0.21735717330247004
                },
                "orientation": {
                    "x": -0.4701424351656699,
                    "y": 0.5008003334818377,
                    "z": -0.5223481601290879,
                    "w": 0.5052895370485427
                }
            }
        },
        {
            "id": 3,
            "pose": {
                "position": {
                    "x": 0.8754779536006912,
                    "y": 0.3610444204517641,
                    "z": 0.056430915457909014
                },
                "orientation": {
                    "x": -0.4975801482476216,
                    "y": 0.4798399743220821,
                    "z": -0.5109385411978683,
                    "w": 0.5109886517634737
                }
            }
        },
        {
            "id": 17,
            "pose": {
                "position": {
                    "x": 0.8693593444965568,
                    "y": 0.36217989420110974,
                    "z": 0.21918587286471788
                },
                "orientation": {
                    "x": -0.48015091545453337,
                    "y": 0.4899252284526516,
                    "z": -0.5139748855071062,
                    "w": 0.5150322183919639
                }
            }
        }
    ]
}