{
    "tags": [
        {
            "id": 142,
            "pose": {
                "position": {
                    "x": 0.9382219070973914,
                    "y": -0.050115955474021104,
                    "z": -0.06650322494770129
                },
                "orientation": {
                    "x": -0.5109954913455285,
                    "y": 0.4918025638375209,
                    "z": -0.4950456994591571,
                    "w": 0.5019398385009676
                }
            }
        },
        {
            "id": 143,
            "pose": {
                "position": {
                    "x": 0.9280660605195344,
                    "y": -0.05282115680424691,
                    "z": 0.37854252113853915
                },
                "orientation": {
                    "x": -0.4956575679409252,
                    "y": 0.4992437985330063,
                    "z": -0.4958996703196487,
                    "w": 0.5090802706313472
                }
            }
        }
    ]
}