{
    "tags": [
        {
            "id": 143,
            "pose": {
                "position": {
                    "x": 0.9280660605195344,
                    "y": -0.05282115680424691,
                    "z": 0.37854252113853915
                },
                "orientation": {
                    "x": -0.4956575679409252,
                    "y": 0.4992437985330063,
                    "z": -0.4958996703196487,
                    "w": 0.5090802706313472
                }
            }
        }
    ]
}